-- OpenOBA Starter — init-seed.sql
-- 中文种子数据，适配 init-structure.sql 列结构
-- Date: 2026-06-04

-- ============================================
-- sys_user: 默认管理员
-- ============================================
REPLACE INTO sys_user (user_id, username, password_hash, real_name, email, phone, status, is_deleted)
VALUES ('a0000001-0001-0001-0001-000000000001', 'admin',
  '$2a$10$8jPXRkX7nBpFR0qFXhJOH.O0TRPZhLJFN7j2TvFwXqZ0EMx3VtYKe',
  '系统管理员', NULL, NULL, 'active', 0);

-- ============================================
-- sys_role: 4 个系统角色
-- ============================================
REPLACE INTO sys_role (role_id, role_code, role_name, description, status, is_system, sort_order, is_deleted) VALUES
  ('b1000001-0001-0001-0001-000000000001', 'super_admin', '超级管理员', '系统最高权限，管理所有模块', 'active', 1, 0, 0),
  ('b2000001-0001-0001-0001-000000000001', 'admin', '管理员', '日常管理权限', 'active', 0, 1, 0),
  ('b3000001-0001-0001-0001-000000000001', 'operator', '运营', '管理商品、客户、订单、内容', 'active', 0, 2, 0),
  ('b4000001-0001-0001-0001-000000000001', 'viewer', '查看者', '只读权限', 'active', 0, 3, 0);

-- ============================================
-- sys_permission: 21 个权限
-- ============================================
REPLACE INTO sys_permission (permission_id, permission_code, permission_name, resource_type, resource_path, parent_id, sort_order, status, is_deleted) VALUES
  ('c0100001-0001-0001-0001-000000000001', 'system', '系统管理', 'menu', '/system', NULL, 1, 'active', 0),
  ('c0200001-0001-0001-0001-000000000001', 'system:user', '用户管理', 'menu', '/system/user', 'c0100001-0001-0001-0001-000000000001', 1, 'active', 0),
  ('c0300001-0001-0001-0001-000000000001', 'system:role', '角色管理', 'menu', '/system/role', 'c0100001-0001-0001-0001-000000000001', 2, 'active', 0),
  ('c0400001-0001-0001-0001-000000000001', 'system:permission', '权限管理', 'menu', '/system/permission', 'c0100001-0001-0001-0001-000000000001', 3, 'active', 0),
  ('c0500001-0001-0001-0001-000000000001', 'customer', '客户管理', 'menu', '/customer', NULL, 2, 'active', 0),
  ('c0600001-0001-0001-0001-000000000001', 'customer:list', '客户列表', 'button', NULL, 'c0500001-0001-0001-0001-000000000001', 1, 'active', 0),
  ('c0700001-0001-0001-0001-000000000001', 'customer:create', '创建客户', 'button', NULL, 'c0500001-0001-0001-0001-000000000001', 2, 'active', 0),
  ('c0800001-0001-0001-0001-000000000001', 'customer:detail', '客户详情', 'button', NULL, 'c0500001-0001-0001-0001-000000000001', 3, 'active', 0),
  ('c0900001-0001-0001-0001-000000000001', 'product', '商品管理', 'menu', '/product', NULL, 3, 'active', 0),
  ('c1000001-0001-0001-0001-000000000001', 'product:list', '商品列表', 'button', NULL, 'c0900001-0001-0001-0001-000000000001', 1, 'active', 0),
  ('c1100001-0001-0001-0001-000000000001', 'product:create', '创建商品', 'button', NULL, 'c0900001-0001-0001-0001-000000000001', 2, 'active', 0),
  ('c1200001-0001-0001-0001-000000000001', 'order', '订单管理', 'menu', '/order', NULL, 4, 'active', 0),
  ('c1300001-0001-0001-0001-000000000001', 'order:list', '订单列表', 'button', NULL, 'c1200001-0001-0001-0001-000000000001', 1, 'active', 0),
  ('c1400001-0001-0001-0001-000000000001', 'order:detail', '订单详情', 'button', NULL, 'c1200001-0001-0001-0001-000000000001', 2, 'active', 0),
  ('c1500001-0001-0001-0001-000000000001', 'inventory', '库存管理', 'menu', '/inventory', NULL, 5, 'active', 0),
  ('c1600001-0001-0001-0001-000000000001', 'dictionary', '字典管理', 'menu', '/dictionary', NULL, 6, 'active', 0),
  ('c1700001-0001-0001-0001-000000000001', 'dictionary:list', '字典列表', 'button', NULL, 'c1600001-0001-0001-0001-000000000001', 1, 'active', 0),
  ('c1800001-0001-0001-0001-000000000001', 'structure', '结构标准', 'menu', '/structure', NULL, 7, 'active', 0),
  ('c1900001-0001-0001-0001-000000000001', 'after_sales', '售后管理', 'menu', '/after-sales', NULL, 8, 'active', 0),
  ('c2000001-0001-0001-0001-000000000001', 'color', '色彩管理', 'menu', '/colors', NULL, 9, 'active', 0),
  ('c2100001-0001-0001-0001-000000000001', 'review', '评价管理', 'menu', '/reviews', NULL, 10, 'active', 0);

-- ============================================
-- sys_menu: 基本菜单树
-- ============================================
REPLACE INTO sys_menu (menu_id, menu_code, menu_name, parent_id, menu_type, path, icon, sort_order, permission_code, is_visible, is_deleted) VALUES
  ('d0100001-0001-0001-0001-000000000001', 'dashboard', '工作台', NULL, 'menu', '/dashboard', 'Monitor', 1, NULL, 1, 0),
  ('d0200001-0001-0001-0001-000000000001', 'customers', '客户管理', NULL, 'menu', '/customers', 'User', 2, 'customer:list', 1, 0),
  ('d0300001-0001-0001-0001-000000000001', 'products', '商品管理', NULL, 'menu', '/products', 'Goods', 3, 'product:list', 1, 0),
  ('d0400001-0001-0001-0001-000000000001', 'orders', '订单管理', NULL, 'menu', '/orders', 'ShoppingCart', 4, 'order:list', 1, 0),
  ('d0500001-0001-0001-0001-000000000001', 'inventory', '库存管理', NULL, 'menu', '/inventory', 'Box', 5, NULL, 1, 0),
  ('d0600001-0001-0001-0001-000000000001', 'dictionary', '字典管理', NULL, 'menu', '/dictionary', 'Notebook', 6, 'dictionary:list', 1, 0),
  ('d0700001-0001-0001-0001-000000000001', 'structure', '结构标准库', NULL, 'menu', '/structure', 'View', 7, NULL, 1, 0),
  ('d0800001-0001-0001-0001-000000000001', 'system', '系统管理', NULL, 'menu', '/system', 'Setting', 99, NULL, 1, 0);

-- ============================================
-- sys_user_role: admin → super_admin
-- ============================================
REPLACE INTO sys_user_role (user_id, role_id)
VALUES ('a0000001-0001-0001-0001-000000000001', 'b1000001-0001-0001-0001-000000000001');

-- ============================================
-- sys_role_permission: super_admin 拥有全部权限
-- ============================================
INSERT IGNORE INTO sys_role_permission (role_id, permission_id) VALUES
  ('b1000001-0001-0001-0001-000000000001', 'c0100001-0001-0001-0001-000000000001'),
  ('b1000001-0001-0001-0001-000000000001', 'c0200001-0001-0001-0001-000000000001'),
  ('b1000001-0001-0001-0001-000000000001', 'c0300001-0001-0001-0001-000000000001'),
  ('b1000001-0001-0001-0001-000000000001', 'c0400001-0001-0001-0001-000000000001'),
  ('b1000001-0001-0001-0001-000000000001', 'c0500001-0001-0001-0001-000000000001'),
  ('b1000001-0001-0001-0001-000000000001', 'c0600001-0001-0001-0001-000000000001'),
  ('b1000001-0001-0001-0001-000000000001', 'c0700001-0001-0001-0001-000000000001'),
  ('b1000001-0001-0001-0001-000000000001', 'c0800001-0001-0001-0001-000000000001'),
  ('b1000001-0001-0001-0001-000000000001', 'c0900001-0001-0001-0001-000000000001'),
  ('b1000001-0001-0001-0001-000000000001', 'c1000001-0001-0001-0001-000000000001'),
  ('b1000001-0001-0001-0001-000000000001', 'c1100001-0001-0001-0001-000000000001'),
  ('b1000001-0001-0001-0001-000000000001', 'c1200001-0001-0001-0001-000000000001'),
  ('b1000001-0001-0001-0001-000000000001', 'c1300001-0001-0001-0001-000000000001'),
  ('b1000001-0001-0001-0001-000000000001', 'c1400001-0001-0001-0001-000000000001'),
  ('b1000001-0001-0001-0001-000000000001', 'c1500001-0001-0001-0001-000000000001'),
  ('b1000001-0001-0001-0001-000000000001', 'c1600001-0001-0001-0001-000000000001'),
  ('b1000001-0001-0001-0001-000000000001', 'c1700001-0001-0001-0001-000000000001'),
  ('b1000001-0001-0001-0001-000000000001', 'c1800001-0001-0001-0001-000000000001'),
  ('b1000001-0001-0001-0001-000000000001', 'c1900001-0001-0001-0001-000000000001'),
  ('b1000001-0001-0001-0001-000000000001', 'c2000001-0001-0001-0001-000000000001'),
  ('b1000001-0001-0001-0001-000000000001', 'c2100001-0001-0001-0001-000000000001');
